https://www.amazon.com/dp/B06X95J43F/ref=dvm_us_aw_cs_sh_pr_317gpo?pf_rd_p=eec9a6ad-7b42-4dc4-ada2-4d51e744ed26&pf_rd_r=DA1492JS5WEE8SB6C2SC,1.019096668,https://www.amazon.com/dp/B06X95J43F/ref=dvm_us_aw_cs_sh_pr_317gpo?pf_rd_p=eec9a6ad-7b42-4dc4-ada2-4d51e744ed26&pf_rd_r=DA1492JS5WEE8SB6C2SC,1.979985285
https://www.amazon.com/dp/B06X95J43F/ref=dvm_us_aw_cs_sh_pr_317gpo?pf_rd_p=eec9a6ad-7b42-4dc4-ada2-4d51e744ed26&pf_rd_r=DA1492JS5WEE8SB6C2SC,1.020203533,https://www.amazon.com/dp/B06X95J43F/ref=dvm_us_aw_cs_sh_pr_317gpo?pf_rd_p=eec9a6ad-7b42-4dc4-ada2-4d51e744ed26&pf_rd_r=DA1492JS5WEE8SB6C2SC,1.905304485
https://www.amazon.com/Disney-Little-Mermaid-Printed-Legging/dp/B01NCEES11/ref=br_dig_pdt-1/157-0039672-6620474?pf_rd_m=ATVPDKIKX0DER&pf_rd_s=&pf_rd_r=DA1492JS5WEE8SB6C2SC&pf_rd_t=36701&pf_rd_p=14b6d865-5f3c-41b6-b899-7e903d79a6e8&pf_rd_i=desktop,1.022091713,https://www.amazon.com/Disney-Little-Mermaid-Printed-Legging/dp/B01NCEES11/ref=br_dig_pdt-1/157-0039672-6620474?pf_rd_m=ATVPDKIKX0DER&pf_rd_s=&pf_rd_r=DA1492JS5WEE8SB6C2SC&pf_rd_t=36701&pf_rd_p=14b6d865-5f3c-41b6-b899-7e903d79a6e8&pf_rd_i=desktop,1.768769492
https://www.amazon.com/s/?rh=n%3A7141123011%2Cn%3A10445813011%2Cn%3A7147440011%2Cn%3A1040660%2Cn%3A1045024&bbn=10445813011&pf_rd_p=3f77a700-a7c5-4bff-b3cc-38aded3604aa&pf_rd_r=DA1492JS5WEE8SB6C2SC,1.21852761,https://www.amazon.com/s/?rh=n%3A7141123011%2Cn%3A10445813011%2Cn%3A7147440011%2Cn%3A1040660%2Cn%3A1045024&bbn=10445813011&pf_rd_p=3f77a700-a7c5-4bff-b3cc-38aded3604aa&pf_rd_r=DA1492JS5WEE8SB6C2SC,2.378130962
https://www.amazon.com/b/ref=br_pdt_mgUpt/157-0039672-6620474?_encoding=UTF8&node=2858778011&pf_rd_m=ATVPDKIKX0DER&pf_rd_s=&pf_rd_r=DA1492JS5WEE8SB6C2SC&pf_rd_t=36701&pf_rd_p=9c7b479f-fe0c-48f3-a1ab-c19df6492672&pf_rd_i=desktop,1.035243868,https://www.amazon.com/b/ref=br_pdt_mgUpt/157-0039672-6620474?_encoding=UTF8&node=2858778011&pf_rd_m=ATVPDKIKX0DER&pf_rd_s=&pf_rd_r=DA1492JS5WEE8SB6C2SC&pf_rd_t=36701&pf_rd_p=9c7b479f-fe0c-48f3-a1ab-c19df6492672&pf_rd_i=desktop,2.384121052
https://www.amazon.com/dp/B06X95J43F/ref=dvm_us_aw_cs_sh_pr_317gpo?pf_rd_p=eec9a6ad-7b42-4dc4-ada2-4d51e744ed26&pf_rd_r=DA1492JS5WEE8SB6C2SC,0.947280694,https://www.amazon.com/dp/B06X95J43F/ref=dvm_us_aw_cs_sh_pr_317gpo?pf_rd_p=eec9a6ad-7b42-4dc4-ada2-4d51e744ed26&pf_rd_r=DA1492JS5WEE8SB6C2SC,1.915005827
https://www.amazon.com/dp/B06X95J43F/ref=dvm_us_aw_cs_sh_pr_317gpo?pf_rd_p=eec9a6ad-7b42-4dc4-ada2-4d51e744ed26&pf_rd_r=DA1492JS5WEE8SB6C2SC,0.963232565,https://www.amazon.com/dp/B06X95J43F/ref=dvm_us_aw_cs_sh_pr_317gpo?pf_rd_p=eec9a6ad-7b42-4dc4-ada2-4d51e744ed26&pf_rd_r=DA1492JS5WEE8SB6C2SC,1.97699024
https://www.amazon.com/dp/B06X95J43F/ref=dvm_us_aw_cs_sh_pr_317gpo?pf_rd_p=eec9a6ad-7b42-4dc4-ada2-4d51e744ed26&pf_rd_r=DA1492JS5WEE8SB6C2SC,1.024956539,https://www.amazon.com/dp/B06X95J43F/ref=dvm_us_aw_cs_sh_pr_317gpo?pf_rd_p=eec9a6ad-7b42-4dc4-ada2-4d51e744ed26&pf_rd_r=DA1492JS5WEE8SB6C2SC,1.924186292
https://www.amazon.com/dp/B06X95J43F/ref=dvm_us_aw_cs_sh_pr_317gpo?pf_rd_p=eec9a6ad-7b42-4dc4-ada2-4d51e744ed26&pf_rd_r=DA1492JS5WEE8SB6C2SC,1.031988384,https://www.amazon.com/dp/B06X95J43F/ref=dvm_us_aw_cs_sh_pr_317gpo?pf_rd_p=eec9a6ad-7b42-4dc4-ada2-4d51e744ed26&pf_rd_r=DA1492JS5WEE8SB6C2SC,1.88225566
https://www.geico.com/landingpage/go411/?soa=03764&zip=&dclid=COKO2Jvn3tICFcZFNwodKWENPw,4.012253641,https://www.geico.com/landingpage/go411/?soa=03764&zip=&dclid=COKO2Jvn3tICFcZFNwodKWENPw,1.416916796
https://www.amazon.com/b/ref=br_pdt_mgUpt/157-0039672-6620474?_encoding=UTF8&node=6669702011&pf_rd_m=ATVPDKIKX0DER&pf_rd_s=&pf_rd_r=DA1492JS5WEE8SB6C2SC&pf_rd_t=36701&pf_rd_p=9c7b479f-fe0c-48f3-a1ab-c19df6492672&pf_rd_i=desktop,1.025802965,https://www.amazon.com/b/ref=br_pdt_mgUpt/157-0039672-6620474?_encoding=UTF8&node=6669702011&pf_rd_m=ATVPDKIKX0DER&pf_rd_s=&pf_rd_r=DA1492JS5WEE8SB6C2SC&pf_rd_t=36701&pf_rd_p=9c7b479f-fe0c-48f3-a1ab-c19df6492672&pf_rd_i=desktop,1.987472898
https://www.amazon.com/dp/B06X95J43F/ref=dvm_us_aw_cs_sh_pr_317gpo?pf_rd_p=eec9a6ad-7b42-4dc4-ada2-4d51e744ed26&pf_rd_r=DA1492JS5WEE8SB6C2SC,1.041819946,https://www.amazon.com/dp/B06X95J43F/ref=dvm_us_aw_cs_sh_pr_317gpo?pf_rd_p=eec9a6ad-7b42-4dc4-ada2-4d51e744ed26&pf_rd_r=DA1492JS5WEE8SB6C2SC,1.921907453
https://www.amazon.com/dp/B06X95J43F/ref=dvm_us_aw_cs_sh_pr_317gpo?pf_rd_p=eec9a6ad-7b42-4dc4-ada2-4d51e744ed26&pf_rd_r=DA1492JS5WEE8SB6C2SC,1.025282088,https://www.amazon.com/dp/B06X95J43F/ref=dvm_us_aw_cs_sh_pr_317gpo?pf_rd_p=eec9a6ad-7b42-4dc4-ada2-4d51e744ed26&pf_rd_r=DA1492JS5WEE8SB6C2SC,1.971455917
https://www.geico.com/landingpage/go411/?soa=03764&zip=&dclid=CLqBlMfm3tICFdZFNwodu58PRQ,4.011472325,https://www.geico.com/landingpage/go411/?soa=03764&zip=&dclid=CLqBlMfm3tICFdZFNwodu58PRQ,1.291385339
https://www.amazon.com/dp/B06X95J43F/ref=dvm_us_aw_cs_sh_pr_317gpo?pf_rd_p=eec9a6ad-7b42-4dc4-ada2-4d51e744ed26&pf_rd_r=DA1492JS5WEE8SB6C2SC,0.965641623,https://www.amazon.com/dp/B06X95J43F/ref=dvm_us_aw_cs_sh_pr_317gpo?pf_rd_p=eec9a6ad-7b42-4dc4-ada2-4d51e744ed26&pf_rd_r=DA1492JS5WEE8SB6C2SC,1.90439295
https://www.geico.com/landingpage/go411/?soa=03764&zip=&dclid=COn-rafm3tICFUkFNwodM9YJyA,3.852214055,https://www.geico.com/landingpage/go411/?soa=03764&zip=&dclid=COn-rafm3tICFUkFNwodM9YJyA,1.400769596
https://www.amazon.com/dp/B06X95J43F/ref=dvm_us_aw_cs_sh_pr_317gpo?pf_rd_p=eec9a6ad-7b42-4dc4-ada2-4d51e744ed26&pf_rd_r=DA1492JS5WEE8SB6C2SC,1.066366294,https://www.amazon.com/dp/B06X95J43F/ref=dvm_us_aw_cs_sh_pr_317gpo?pf_rd_p=eec9a6ad-7b42-4dc4-ada2-4d51e744ed26&pf_rd_r=DA1492JS5WEE8SB6C2SC,1.880888356
https://www.amazon.com/dp/B06X95J43F/ref=dvm_us_aw_cs_sh_pr_317gpo?pf_rd_p=eec9a6ad-7b42-4dc4-ada2-4d51e744ed26&pf_rd_r=DA1492JS5WEE8SB6C2SC,1.039345778,https://www.amazon.com/dp/B06X95J43F/ref=dvm_us_aw_cs_sh_pr_317gpo?pf_rd_p=eec9a6ad-7b42-4dc4-ada2-4d51e744ed26&pf_rd_r=DA1492JS5WEE8SB6C2SC,1.922363221
https://www.amazon.com/dp/B06X95J43F/ref=dvm_us_aw_cs_sh_pr_317gpo?pf_rd_p=eec9a6ad-7b42-4dc4-ada2-4d51e744ed26&pf_rd_r=DA1492JS5WEE8SB6C2SC,1.042210604,https://www.amazon.com/dp/B06X95J43F/ref=dvm_us_aw_cs_sh_pr_317gpo?pf_rd_p=eec9a6ad-7b42-4dc4-ada2-4d51e744ed26&pf_rd_r=DA1492JS5WEE8SB6C2SC,1.971521027
https://www.amazon.com/dp/B06X95J43F/ref=dvm_us_aw_cs_sh_pr_317gpo?pf_rd_p=eec9a6ad-7b42-4dc4-ada2-4d51e744ed26&pf_rd_r=DA1492JS5WEE8SB6C2SC,1.035764746,https://www.amazon.com/dp/B06X95J43F/ref=dvm_us_aw_cs_sh_pr_317gpo?pf_rd_p=eec9a6ad-7b42-4dc4-ada2-4d51e744ed26&pf_rd_r=DA1492JS5WEE8SB6C2SC,1.893454524
https://www.amazon.com/s/?rh=n%3A7141123011%2Cn%3A10445813011%2Cn%3A7147440011%2Cn%3A1040660%2Cn%3A1045024&bbn=10445813011&pf_rd_p=3f77a700-a7c5-4bff-b3cc-38aded3604aa&pf_rd_r=DA1492JS5WEE8SB6C2SC,1.232265752,https://www.amazon.com/s/?rh=n%3A7141123011%2Cn%3A10445813011%2Cn%3A7147440011%2Cn%3A1040660%2Cn%3A1045024&bbn=10445813011&pf_rd_p=3f77a700-a7c5-4bff-b3cc-38aded3604aa&pf_rd_r=DA1492JS5WEE8SB6C2SC,2.597355245
https://www.amazon.com/dp/B06X95J43F/ref=dvm_us_aw_cs_sh_pr_317gpo?pf_rd_p=eec9a6ad-7b42-4dc4-ada2-4d51e744ed26&pf_rd_r=DA1492JS5WEE8SB6C2SC,0.944350759,https://www.amazon.com/dp/B06X95J43F/ref=dvm_us_aw_cs_sh_pr_317gpo?pf_rd_p=eec9a6ad-7b42-4dc4-ada2-4d51e744ed26&pf_rd_r=DA1492JS5WEE8SB6C2SC,1.917610214
