https://www.amazon.com/dp/B06X95J43F/ref=dvm_us_aw_cs_sh_pr_317gpo?pf_rd_p=eec9a6ad-7b42-4dc4-ada2-4d51e744ed26&pf_rd_r=DA1492JS5WEE8SB6C2SC,0.9443507588532885
https://www.amazon.com/s/?rh=n%3A7141123011%2Cn%3A10445813011%2Cn%3A7147440011%2Cn%3A1040660%2Cn%3A1045024&bbn=10445813011&pf_rd_p=3f77a700-a7c5-4bff-b3cc-38aded3604aa&pf_rd_r=DA1492JS5WEE8SB6C2SC,1.232265751658669
https://www.amazon.com/dp/B06X95J43F/ref=dvm_us_aw_cs_sh_pr_317gpo?pf_rd_p=eec9a6ad-7b42-4dc4-ada2-4d51e744ed26&pf_rd_r=DA1492JS5WEE8SB6C2SC,1.0357647457141554
https://www.amazon.com/dp/B06X95J43F/ref=dvm_us_aw_cs_sh_pr_317gpo?pf_rd_p=eec9a6ad-7b42-4dc4-ada2-4d51e744ed26&pf_rd_r=DA1492JS5WEE8SB6C2SC,1.0422106037620371
https://www.amazon.com/dp/B06X95J43F/ref=dvm_us_aw_cs_sh_pr_317gpo?pf_rd_p=eec9a6ad-7b42-4dc4-ada2-4d51e744ed26&pf_rd_r=DA1492JS5WEE8SB6C2SC,1.0393457779629787
https://www.amazon.com/dp/B06X95J43F/ref=dvm_us_aw_cs_sh_pr_317gpo?pf_rd_p=eec9a6ad-7b42-4dc4-ada2-4d51e744ed26&pf_rd_r=DA1492JS5WEE8SB6C2SC,1.0663662940222804
https://www.geico.com/landingpage/go411/?soa=03764&zip=&dclid=COn-rafm3tICFUkFNwodM9YJyA,3.8522140545749317
https://www.amazon.com/dp/B06X95J43F/ref=dvm_us_aw_cs_sh_pr_317gpo?pf_rd_p=eec9a6ad-7b42-4dc4-ada2-4d51e744ed26&pf_rd_r=DA1492JS5WEE8SB6C2SC,0.9656416233144732
https://www.geico.com/landingpage/go411/?soa=03764&zip=&dclid=CLqBlMfm3tICFdZFNwodu58PRQ,4.011472325131684
https://www.amazon.com/dp/B06X95J43F/ref=dvm_us_aw_cs_sh_pr_317gpo?pf_rd_p=eec9a6ad-7b42-4dc4-ada2-4d51e744ed26&pf_rd_r=DA1492JS5WEE8SB6C2SC,1.0252820876766913
https://www.amazon.com/dp/B06X95J43F/ref=dvm_us_aw_cs_sh_pr_317gpo?pf_rd_p=eec9a6ad-7b42-4dc4-ada2-4d51e744ed26&pf_rd_r=DA1492JS5WEE8SB6C2SC,1.041819945698529
https://www.amazon.com/b/ref=br_pdt_mgUpt/157-0039672-6620474?_encoding=UTF8&node=6669702011&pf_rd_m=ATVPDKIKX0DER&pf_rd_s=&pf_rd_r=DA1492JS5WEE8SB6C2SC&pf_rd_t=36701&pf_rd_p=9c7b479f-fe0c-48f3-a1ab-c19df6492672&pf_rd_i=desktop,1.025802965094702
https://www.geico.com/landingpage/go411/?soa=03764&zip=&dclid=COKO2Jvn3tICFcZFNwodKWENPw,4.0122536412587
https://www.amazon.com/dp/B06X95J43F/ref=dvm_us_aw_cs_sh_pr_317gpo?pf_rd_p=eec9a6ad-7b42-4dc4-ada2-4d51e744ed26&pf_rd_r=DA1492JS5WEE8SB6C2SC,1.0319883844335784
https://www.amazon.com/dp/B06X95J43F/ref=dvm_us_aw_cs_sh_pr_317gpo?pf_rd_p=eec9a6ad-7b42-4dc4-ada2-4d51e744ed26&pf_rd_r=DA1492JS5WEE8SB6C2SC,1.0249565392904347
https://www.amazon.com/dp/B06X95J43F/ref=dvm_us_aw_cs_sh_pr_317gpo?pf_rd_p=eec9a6ad-7b42-4dc4-ada2-4d51e744ed26&pf_rd_r=DA1492JS5WEE8SB6C2SC,0.963232565256174
https://www.amazon.com/dp/B06X95J43F/ref=dvm_us_aw_cs_sh_pr_317gpo?pf_rd_p=eec9a6ad-7b42-4dc4-ada2-4d51e744ed26&pf_rd_r=DA1492JS5WEE8SB6C2SC,0.9472806943295982
https://www.amazon.com/b/ref=br_pdt_mgUpt/157-0039672-6620474?_encoding=UTF8&node=2858778011&pf_rd_m=ATVPDKIKX0DER&pf_rd_s=&pf_rd_r=DA1492JS5WEE8SB6C2SC&pf_rd_t=36701&pf_rd_p=9c7b479f-fe0c-48f3-a1ab-c19df6492672&pf_rd_i=desktop,1.035243868296145
https://www.amazon.com/s/?rh=n%3A7141123011%2Cn%3A10445813011%2Cn%3A7147440011%2Cn%3A1040660%2Cn%3A1045024&bbn=10445813011&pf_rd_p=3f77a700-a7c5-4bff-b3cc-38aded3604aa&pf_rd_r=DA1492JS5WEE8SB6C2SC,1.2185276097586384
https://www.amazon.com/Disney-Little-Mermaid-Printed-Legging/dp/B01NCEES11/ref=br_dig_pdt-1/157-0039672-6620474?pf_rd_m=ATVPDKIKX0DER&pf_rd_s=&pf_rd_r=DA1492JS5WEE8SB6C2SC&pf_rd_t=36701&pf_rd_p=14b6d865-5f3c-41b6-b899-7e903d79a6e8&pf_rd_i=desktop,1.0220917134913763
https://www.amazon.com/dp/B06X95J43F/ref=dvm_us_aw_cs_sh_pr_317gpo?pf_rd_p=eec9a6ad-7b42-4dc4-ada2-4d51e744ed26&pf_rd_r=DA1492JS5WEE8SB6C2SC,1.0202035328510877
https://www.amazon.com/dp/B06X95J43F/ref=dvm_us_aw_cs_sh_pr_317gpo?pf_rd_p=eec9a6ad-7b42-4dc4-ada2-4d51e744ed26&pf_rd_r=DA1492JS5WEE8SB6C2SC,1.019096668337815