https://slickdeals.net/f/9223899-adidas-golf-30-off-sale-apparel-footwear-extra-coupon-savings-of-25-off-free-shipping?src=sticky#commentsBox,61684K
https://slickdeals.net/f/8256561-chase-sapphire-preferred-credit-card-50k-points-w-4k-spent-in-1st-3-mos?src=sticky,127364K
http://www.newegg.com/store/eventsalestore/ID-2034804?nm_mc=AFC-C8Junction&cm_mmc=AFC-C8Junction-Slickdeals+LLC-_-Inteldesktopbf1018a-_-na-_-na&AID=12757061&PID=1225267&SID=4197e0eeb73f11e68afe3a9735d29f560INT&utm_medium=affiliates&utm_source=afc-Slickdeals+LLC,142204K
https://slickdeals.net/f/9449539-one-day-only-20-off-at-jet-com?src=sticky,197984K
https://slickdeals.net/f/9429259-25-lg-25um56-p-2560x1080-ultrawide-ips-led-monitor-130-after-20-rebate-more-free-s-h?src=featured-12555,270168K
https://slickdeals.net/f/9208891-blue-cash-everyday-credit-card-up-to-300-back-1-cashback?src=sticky,234076K
https://creative.adobe.com/plans?sdid=695P7SN9&mv=display,167936K
https://slickdeals.net/f/9205591-chase-ink-business-preferred-card-80k-points-w-5k-spent-in-1st-3-mos?src=featured-12619,161844K
https://slickdeals.net/f/9449539-one-day-only-20-off-at-jet-com?src=sticky,218144K
http://www.zulily.com/womens-shoes?tid=30772692_slickdeals.net_50478517654_c,174776K
https://slickdeals.net/cybermonday/,49892K
https://slickdeals.net/f/9386211-harman-kardon-5-1-channel-home-theater-system-hkts-20bq-220-hkts-16bq-170-free-shipping?src=sticky,180892K
https://slickdeals.net/f/9473787-gaming-desktop-i5-6600k-gtx-1080-16gb-ddr4-3000mhz-240gb-ssd-extreme-oc-mb-mechanical-keyboard-win-10-100-gc-20-mir-1099-80?src=pdw,96748K
https://slickdeals.net/f/9442635-unlisted-by-kenneth-cole-and-alfani-men-s-dress-shoes-boots-23-each-free-store-pickup?src=sticky,177768K
https://slickdeals.net/f/9149159-volcom-com-sitewide-coupon-40-off-free-s-h-on-39?src=sticky,162196K
https://slickdeals.net/f/9149159-volcom-com-sitewide-coupon-40-off-free-s-h-on-39?src=sticky,218380K
https://slickdeals.net/f/9409219-ryobi-one-18-volt-lithium-ion-6-tool-combo-kit-199?src=sticky,201432K
https://slickdeals.net/f/9405371-anova-sous-vide-bluetooth-wifi-precision-cooker-149-free-shipping?src=featured-12487,179124K
https://slickdeals.net/f/9223899-adidas-golf-30-off-sale-apparel-footwear-extra-coupon-savings-of-25-off-free-shipping?src=sticky,209292K
https://slickdeals.net/f/9366403-nike-members-coupon-men-s-women-s-children-s-clearance-25-off-free-shipping?src=sticky,223320K
https://slickdeals.net/f/9363459-samsung-curved-monitors-cf591-series-27-led-curved-monitor-239-or-cf391-series-32-led-curved-monitor-279-free-shipping?src=featured-12635,236860K
https://slickdeals.net/f/9149159-volcom-com-sitewide-coupon-40-off-free-s-h-on-39?src=sticky,220100K
https://slickdeals.net/f/9208891-blue-cash-everyday-credit-card-up-to-300-back-1-cashback?src=featured-12627,235828K
https://slickdeals.net/f/9366403-nike-members-coupon-men-s-women-s-children-s-clearance-25-off-free-shipping?src=sticky,225556K
https://slickdeals.net/f/9409219-ryobi-one-18-volt-lithium-ion-6-tool-combo-kit-199?src=sticky,191984K
https://slickdeals.net/f/9409191-original-penguin-40-off-sale-items-30-off-reg-prices-additional-30-off-free-shipping?src=sticky,178168K
https://slickdeals.net/f/9366403-nike-members-coupon-men-s-women-s-children-s-clearance-25-off-free-shipping?src=sticky,167604K
https://slickdeals.net/f/9413891-3-piece-reversible-comforter-sets-various-sizes-styles-18-free-store-pickup-at-macys?src=sticky,224432K
https://slickdeals.net/f/9442635-unlisted-by-kenneth-cole-and-alfani-men-s-dress-shoes-boots-23-each-free-store-pickup?src=sticky,186712K
https://slickdeals.net/f/8256561-chase-sapphire-preferred-credit-card-50k-points-w-4k-spent-in-1st-3-mos?src=sticky,225060K
https://slickdeals.net/f/9413891-3-piece-reversible-comforter-sets-various-sizes-styles-18-free-store-pickup-at-macys?src=sticky,231900K
http://www.zulily.com/womens-shoes?tid=30772692_slickdeals.net_50478517654_c,200372K
https://slickdeals.net/f/9468367-vizio-29-2-0-channel-bluetooth-sound-bar-refurbished-50-free-shipping?src=featured-12647,204500K
https://slickdeals.net/f/9386211-harman-kardon-5-1-channel-home-theater-system-hkts-20bq-220-hkts-16bq-170-free-shipping?src=sticky,192264K
https://slickdeals.net/f/9208891-blue-cash-everyday-credit-card-up-to-300-back-1-cashback?src=featured-12627,223740K
https://slickdeals.net/f/9208891-blue-cash-everyday-credit-card-up-to-300-back-1-cashback?src=sticky#commentsBox,83272K
https://slickdeals.net/giveaway/5883/200-newegg-gift-card-giveaway,38580K
https://slickdeals.net/mobile/?src=fp_featured_mobilepromo,163020K
https://slickdeals.net/f/9410895-32gb-huawei-honor-8-unlocked-smartphone-earbuds-more-240-amex-req-free-s-h?src=sticky,199404K
https://slickdeals.net/f/9366403-nike-members-coupon-men-s-women-s-children-s-clearance-25-off-free-shipping?src=sticky,229044K
https://slickdeals.net/mobile/?src=fp_featured_mobilepromo,206472K
https://slickdeals.net/f/9208891-blue-cash-everyday-credit-card-up-to-300-back-1-cashback?src=sticky,199412K
https://creative.adobe.com/plans?sdid=695P7SN9&mv=display,211296K
https://slickdeals.net/f/8256561-chase-sapphire-preferred-credit-card-50k-points-w-4k-spent-in-1st-3-mos?src=sticky#commentsBox,66252K
https://slickdeals.net/f/9149159-volcom-com-sitewide-coupon-40-off-free-s-h-on-39?src=sticky,218160K
https://slickdeals.net/f/9429259-25-lg-25um56-p-2560x1080-ultrawide-ips-led-monitor-130-after-20-rebate-more-free-s-h?src=featured-12555,234448K
https://slickdeals.net/f/9208891-blue-cash-everyday-credit-card-up-to-300-back-1-cashback?src=featured-12627,211044K
https://slickdeals.net/f/9208891-blue-cash-everyday-credit-card-up-to-300-back-1-cashback?src=featured-12627,239320K
https://slickdeals.net/f/9441987-husky-46-9-drawer-mobile-workbench-w-solid-wood-top-199-free-store-pickup?src=sticky,229444K
https://slickdeals.net/f/9363459-samsung-curved-monitors-cf591-series-27-led-curved-monitor-239-or-cf391-series-32-led-curved-monitor-279-free-shipping?src=featured-12635,248112K
https://slickdeals.net/f/9472647-vitamix-certified-reconditioned-platinum-standard-programs-blender-6300-for-249-13-shipping-tax?src=pdw,101004K
https://slickdeals.net/f/9468367-vizio-29-2-0-channel-bluetooth-sound-bar-refurbished-50-free-shipping?src=featured-12647,220116K
https://slickdeals.net/f/9205591-chase-ink-business-preferred-card-80k-points-w-5k-spent-in-1st-3-mos?src=featured-12619,235040K
https://slickdeals.net/f/9223899-adidas-golf-30-off-sale-apparel-footwear-extra-coupon-savings-of-25-off-free-shipping?src=sticky,236448K
https://slickdeals.net/f/9413891-3-piece-reversible-comforter-sets-various-sizes-styles-18-free-store-pickup-at-macys?src=sticky#commentsBox,68640K
https://slickdeals.net/f/9441987-husky-46-9-drawer-mobile-workbench-w-solid-wood-top-199-free-store-pickup?src=sticky,205220K
https://creative.adobe.com/plans?sdid=695P7SN9&mv=display,173248K
http://www.zulily.com/womens-shoes?tid=30772692_slickdeals.net_50478517654_c,200376K
https://slickdeals.net/f/9366403-nike-members-coupon-men-s-women-s-children-s-clearance-25-off-free-shipping?src=sticky#commentsBox,63276K
https://slickdeals.net/f/9405371-anova-sous-vide-bluetooth-wifi-precision-cooker-149-free-shipping?src=featured-12487,202012K
https://www262.americanexpress.com/business-card-application/LandingPages/371?product=plum&openeep=17219&extlink=CH=dm-CU=us-BU=open-REF=653_2026290_1393650,86356K
http://adidasgolf.com/adidasGolf-sale/?CID=us:ag:affiliate:bf-cm-16,127800K
https://slickdeals.net/coupons/sears/?couponid=792863#all,131200K
https://slickdeals.net/f/9223899-adidas-golf-30-off-sale-apparel-footwear-extra-coupon-savings-of-25-off-free-shipping?src=sticky#commentsBox,134860K
https://slickdeals.net/f/9474087-55-samsung-un55ks8500-hdr-curved-4k-uhd-hdtv-amazon-1-098?src=tdw,131064K
https://slickdeals.net/f/9472599-sears-100-back-in-syw-points-on-all-clothes-up-to-25-through-12-6-16-ymmv?src=tdw,176428K
https://slickdeals.net/f/9472863-certified-merino-wool-thermal-socks-by-rc-collection-men-s-or-women-s-4-pairs-12-3-each-kids-4-pairs-9-2-25-each?src=pdw,219044K
https://www.tdameritrade.com/service/why-td-ameritrade.page?cid=MIXSTNPRO131283214036623669279843,159172K
https://www262.americanexpress.com/business-card-application/LandingPages/371?product=plum&openeep=17219&extlink=CH=dm-CU=us-BU=open-REF=653_2026290_1393650,150484K
https://slickdeals.net/cybermonday/,129032K
https://slickdeals.net/coupons/jet/#all,144096K
https://jet.com/?jcmp=afl:link:lw9MynSeamY:414378:1:10&siteID=lw9MynSeamY-Ff.WWLjax8xY84_MJVEwTA,140680K
https://jet.com/?jcmp=afl:link:lw9MynSeamY:414378:1:10&siteID=lw9MynSeamY-O_jDLFKPCEYbsEiY367gfA,147844K
https://slickdeals.net/f/9415515-werner-17-ft-aluminum-ladder-lowe-s-89?src=rcm_category,149956K
https://slickdeals.net/coupons/jet/?couponid=1010415&src=couponrcm#all,178948K
https://www.amazon.com/b?node=5550342011&ref=o_disp_op141336646&tag=3311991001-20,148256K
https://slickdeals.net/f/9420267-skybell-hd-wifi-video-doorbell-silver-or-black-139-free-s-h?src=rcm_category,179236K
https://slickdeals.net/coupons/jet/?couponid=1010423&src=couponrcm#all,167948K
https://www.amazon.com/b?node=5550342011&ref=o_disp_op141336646&tag=3311991001-20,174164K
https://www.amazon.com/b?node=5550342011&ref=o_disp_op141336646&tag=3311991001-20,190588K
https://jet.com/?jcmp=afl:link:lw9MynSeamY:414378:1:10&siteID=lw9MynSeamY-dvG6608NJVU4lVkFU6PC.Q,170180K
https://slickdeals.net/coupons/jet/?couponid=1010423&src=couponrcm#all,201384K